index,Batch_Loss
0,118.6493148803711
1,58.833045959472656
2,30.040996551513672
3,24.092012405395508
4,28.627464294433594
5,17.68893814086914
