index,Batch_Loss
0,119.54833221435547
1,54.24435043334961
2,37.04282760620117
3,26.45714569091797
4,20.204362869262695
5,17.78812026977539
