index,Batch_Loss
0,134.56924438476562
1,48.37800216674805
2,32.0931282043457
3,26.99332046508789
4,24.275596618652344
5,21.136768341064453
