index,Batch_Loss
0,122.77915954589844
1,52.66484832763672
2,37.136451721191406
3,29.309024810791016
4,24.083450317382812
5,22.046812057495117
